{"mean":{"confidence_interval":{"confidence_level":0.95,"lower_bound":-0.0008862557253169779,"upper_bound":0.027315157455515857},"point_estimate":0.012433854930925303,"standard_error":0.0072736368236135975},"median":{"confidence_interval":{"confidence_level":0.95,"lower_bound":0.0013360292366257909,"upper_bound":0.016848598212036256},"point_estimate":0.008580491415624003,"standard_error":0.0039739517969384595}}