{"mean":{"confidence_interval":{"confidence_level":0.95,"lower_bound":-0.00859634497434641,"upper_bound":0.012705879164890365},"point_estimate":0.0022103461348599307,"standard_error":0.005438162081718895},"median":{"confidence_interval":{"confidence_level":0.95,"lower_bound":-0.0004851868413803251,"upper_bound":0.01208087057820717},"point_estimate":0.004938379874259269,"standard_error":0.003275234578864105}}