{"mean":{"confidence_interval":{"confidence_level":0.95,"lower_bound":9276112.365875002,"upper_bound":9375698.642124997},"point_estimate":9323975.418333335,"standard_error":25544.54781685552},"median":{"confidence_interval":{"confidence_level":0.95,"lower_bound":9217704.833333334,"upper_bound":9295326.5},"point_estimate":9251281.25,"standard_error":21362.432994384664},"median_abs_dev":{"confidence_interval":{"confidence_level":0.95,"lower_bound":120651.76195800304,"upper_bound":260875.69681853056},"point_estimate":187960.68881303072,"standard_error":34933.24543936282},"slope":null,"std_dev":{"confidence_interval":{"confidence_level":0.95,"lower_bound":198720.2844072348,"upper_bound":306273.68777769},"point_estimate":256104.53527772188,"standard_error":27447.951673044565}}