{"mean":{"confidence_interval":{"confidence_level":0.95,"lower_bound":9340676.39,"upper_bound":9546789.928333335},"point_estimate":9430869.100000001,"standard_error":53071.12995078582},"median":{"confidence_interval":{"confidence_level":0.95,"lower_bound":9238944.416666668,"upper_bound":9355840.333333334},"point_estimate":9281847.25,"standard_error":26625.46263358577},"median_abs_dev":{"confidence_interval":{"confidence_level":0.95,"lower_bound":126958.00094604492,"upper_bound":247882.56129920483},"point_estimate":181026.56873613596,"standard_error":31487.69116864306},"slope":null,"std_dev":{"confidence_interval":{"confidence_level":0.95,"lower_bound":268203.37196236197,"upper_bound":812958.4960328408},"point_estimate":535948.4175143382,"standard_error":166161.9515504492}}